<?xml version="1.0" encoding="utf-8"?>
<!DOCTYPE mapper
        PUBLIC "-//mybatis.org//DTD Mapper 3.0//EN"
        "http://mybatis.org/dtd/mybatis-3-mapper.dtd">

<mapper namespace="com.Blog.mapper.BlogMapper">
    <resultMap id="blogMap" type="com.Blog.domain.Blog">
        <id column="blog_id" property="blogId"/>
        <result column="user_id" property="userId"/>
        <result column="blog_title" property="blogTitle"/>
        <result column="blog_content" property="blogContent"/>
        <result column="blog_date" property="blogDate"/>
        <result column="view_count" property="viewCount"/>
        <result column="blog_likesid" property="blogLikesid"/>
        <result column="blog_stepid" property="blogStepid"/>
        <result column="evaluate_id" property="evaluateId"/>
        <result column="label_id" property="labelId"/>
        <result column="category_id" property="categoryId"/>
    </resultMap>

    <resultMap id="labelMap" type="com.Blog.domain.Label">
        <id column="label_id" property="labelId"/>
        <result column="label_name" property="labelName"/>
    </resultMap>

    <resultMap id="evaMap" type="com.Blog.domain.Evaluate">
        <id column="evaluate_id" property="evaluateId"/>
        <result column="blog_id" property="blogId"/>
        <result column="user_id" property="userId"/>
        <result column="evaluate_content" property="evaluateContent"/>
    </resultMap>

    <resultMap id="cateMap" type="com.Blog.domain.Category">
        <id column="category_id" property="categoryId"/>
        <result column="category_name" property="categoryName"/>
    </resultMap>

    <!--    添加评论        -->
    <insert id="addEvaluateContentInt">
        insert into evaluate(evaluate_id, blog_id, evaluate_content, user_id)
        values (#{evaluateId}, #{blogId}, #{evaluateContent}, #{userId});
    </insert>
    <insert id="addBlog">
        insert into blog(blog_id, user_id, blog_title, blog_content, blog_date, view_count, blog_likesid, blog_stepid,
                         evaluate_id, label_id, category_id)
        values (#{blogId}, #{userId}, #{blogTitle}, #{blogContent}, #{blogDate}, #{viewCount}, #{blogLikesid},
                #{blogStepid}, #{evaluateId}, #{labelId}, #{categoryId})
    </insert>

    <!--    根据博客id添加浏览量-->
    <update id="addBlogViewCount">
        update blog
        set view_count=#{count}
        where blog_id = #{id}
    </update>


    <!--    修改博客-->
    <update id="setBlog">
        update blog
        <set>
            <if test="blogTitle != null and blogTitle != ''">
                blog_title = #{blogTitle},
            </if>
            <if test="blogContent != null and blogContent != ''">
                blog_content = #{blogContent}
            </if>
        </set>
        where blog_id = #{blogId}
    </update>
    <update id="setEvaluateIdInt">
        update blog
        set evaluate_id = #{blogId}
        where blog_id = #{blogId}
    </update>
    <!--    根据评论id添加评论    -->

    <!--    获取5条博客      -->
    <select id="showBlog" resultMap="blogMap">
        select *
        from blog
        order by blog_id desc
        limit 20
    </select>

    <!--    根据标签id查询标签      -->
    <select id="selectByLabelIdLabel" resultMap="labelMap">
        select *
        from label
        where label_id = #{id}
    </select>

    <!--    根据评论id获取评论-->
    <select id="selectByEvaluateId" resultMap="evaMap">
        select *
        from evaluate
        where blog_id = #{id}
    </select>

    <!--    根据分类id获取分类-->
    <select id="selectByCategoryId" resultMap="cateMap">
        select *
        from category
        where category_id = #{id}
    </select>

    <!--    根据博客id获取博客-->
    <select id="selectBlogIdBlog" resultMap="blogMap">
        select *
        from blog
        where blog_id = #{id}
    </select>
    <!--    根据用户id获取博客-->
    <select id="selectByUserIdAndBlog" resultMap="blogMap">
        select *
        from blog
        where user_id = #{id}
    </select>
    <select id="selectHotBlog" resultMap="blogMap">
        select *
        from blog
        order by view_count desc
        limit 3
    </select>
    <select id="selectByTitleAndBlog" resultMap="blogMap">
        select *
        from blog
        where blog_title like #{title}
    </select>


</mapper>