<?xml version="1.0" encoding="utf-8"?>
<!DOCTYPE mapper
        PUBLIC "-//mybatis.org//DTD Mapper 3.0//EN"
        "http://mybatis.org/dtd/mybatis-3-mapper.dtd">

<mapper namespace="com.Blog.mapper.LabelAndCategoryMapper">
    <resultMap id="cateMap" type="com.Blog.domain.Category">
        <id column="category_id" property="categoryId"/>
        <result column="category_name" property="categoryName"/>
    </resultMap>
    <resultMap id="labelMap" type="com.Blog.domain.Label">
        <id column="label_id" property="labelId"/>
        <result column="label_name" property="labelName"/>
    </resultMap>
    <select id="showLabel" resultMap="labelMap">
        select *
        from label
    </select>
    <select id="showCategory" resultMap="cateMap">
        select * from category
    </select>
</mapper>