<?xml version="1.0" encoding="utf-8"?>
<!DOCTYPE mapper
        PUBLIC "-//mybatis.org//DTD Mapper 3.0//EN"
        "http://mybatis.org/dtd/mybatis-3-mapper.dtd">

<mapper namespace="com.Blog.mapper.LikesMapper">
    <resultMap id="likesMap" type="com.Blog.domain.Likes">
        <id column="blog_likesid" property="blogLikesid"/>
        <result column="blog_likesuserid" property="blogLikesuserid"/>
    </resultMap>
    <resultMap id="stepMap" type="com.Blog.domain.Step">
        <id column="blog_stepid" property="blogStepid"/>
        <result column="blog_stepuserid" property="blogStepuserid"/>
    </resultMap>

<!--    踩添加 -->
    <insert id="addStep">
        insert into step(blog_stepid, blog_stepuserid) values(#{StepId},#{userId})
    </insert>
<!--    点赞添加-->
    <update id="addLikes">
        insert into likes(blog_likesid, blog_likesuserid) values(#{LikesId},#{userId})
    </update>
    <insert id="setLikesId">
        update blog
        set blog_likesid = #{blogId}
        where blog_id = #{blogId}
    </insert>
    <update id="setStepId">
        update blog
        set blog_stepid = #{blogId}
        where blog_id = #{blogId}
    </update>
    <select id="showLikes" resultMap="likesMap">
        select *
        from likes
        where blog_likesid = #{id}
    </select>
    <select id="showStep" resultMap="stepMap">
        select *
        from step
        where blog_stepid = #{id}
    </select>
</mapper>