<?xml version="1.0" encoding="utf-8"?>
<!DOCTYPE mapper
        PUBLIC "-//mybatis.org//DTD Mapper 3.0//EN"
        "http://mybatis.org/dtd/mybatis-3-mapper.dtd">

<mapper namespace="com.Blog.mapper.UserMapper">
    <resultMap id="userMap" type="com.Blog.domain.User">
        <id column="user_id" property="id"/>
        <result column="user_name" property="name"/>
        <result column="user_password" property="password"/>
        <result column="user_phone" property="phone"/>
        <result column="user_email" property="email"/>
        <result column="user_status" property="status"/>
        <result column="user_collect" property="collect"/>
        <result column="user_introduce" property="introduce"/>
    </resultMap>
<!--    用户注册-->
    <insert id="addUser">
        insert into user(user_id,user_name, user_password, user_phone, user_email,user_status,user_collect,user_introduce) values(#{id},#{name},#{password},#{phone},#{email},#{status},#{collect},#{introduce});
    </insert>

    <!--    根据用户id修改信息-->
    <update id="setUserCenter">
        update user <set>
        <if test="name != null and name != ''">
            user_name = #{name},
        </if>
        <if test="phone != null and phone != ''">
            user_phone = #{phone},
        </if>
        <if test="email != null and email != ''">
            user_email = #{email},
        </if>
        <if test="collect != null and collect != ''">
            user_collect = #{collect}
        </if>
    </set>
        where user_id = #{id}
    </update>

    <select id="selectByEmailAndPwd" resultMap="userMap">
        select * from user where user_email = #{email} and user_password = #{pwd}
    </select>
    <select id="selectByIdUser" resultMap="userMap">
        select * from user where user_id = #{id}
    </select>
    <select id="selectByEmailAndUser" resultMap="userMap">
        select * from user where user_email=#{email}
    </select>
    <select id="selectByNameAndUser" resultMap="userMap">
        select *
        from user
        where user_name like #{name}
    </select>
</mapper>